item_id,category
2260466,romper
153475,gown
126335,dress
616682,gown
364092,dress
568429,dress
130259,dress
1729232,gown
1077123,dress
1295171,sheath
143094,dress
123793,gown
2595752,leggings
909221,dress
1622747,dress
172027,dress
1229740,gown
900878,dress
197391,dress
382883,dress
134393,dress
241461,dress
1739627,dress
1133906,sheath
872951,gown
123373,gown
1064397,gown
174086,dress
2251739,sweater
1497935,dress
1542652,dress
1406963,dress
1854157,dress
2872079,jacket
1754771,gown
321674,shirtdress
1312996,gown
1829354,dress
973512,dress
2884139,jumpsuit
1048184,dress
298830,shift
131533,gown
1726756,dress
808736,dress
206536,dress
1923283,dress
1730182,gown
1851598,sheath
2107747,sweater
1472909,dress
259136,sheath
135750,shift
2410627,top
982932,dress
2529552,jacket
1091654,gown
2429745,romper
1731468,gown
1379493,dress
806803,dress
1764436,sheath
734229,dress
714374,dress
1126889,dress
1415952,sheath
1009845,dress
1987884,dress
1896920,gown
1414750,sheath
672419,gown
838983,sheath
224876,gown
144931,sheath
146684,gown
1469072,gown
144585,dress
1146287,gown
2904350,shirt
655967,dress
883661,dress
191514,dress
181161,sheath
417055,dress
722678,dress
740349,shift
125564,gown
1072520,dress
1671465,dress
1226293,shift
1111873,dress
386314,sheath
152836,mini
284665,sheath
2158338,jacket
1207360,sheath
376859,dress
1871026,dress
1840637,shirtdress
1453669,dress
1822664,dress
890105,dress
1261393,dress
180843,dress
193179,dress
167112,dress
2576170,sweater
141300,dress
1303995,sheath
2155094,jumpsuit
467817,dress
141761,dress
985087,gown
1318793,dress
2809120,skirt
1640697,dress
1523882,sheath
188052,maxi
188485,dress
138431,gown
199457,dress
139086,gown
1973037,dress
2650125,romper
360595,gown
127865,gown
1153545,dress
1526552,dress
757774,gown
1689615,gown
2533108,sweater
1420896,gown
1454376,sheath
1057664,dress
391525,dress
452942,dress
182915,dress
1551720,dress
1420770,dress
834814,gown
1010328,gown
2202458,romper
1581933,sheath
156607,dress
181453,dress
164593,dress
131117,gown
137585,sheath
131698,gown
168592,gown
2160087,romper
2755484,skirt
1424454,dress
148089,dress
187984,dress
127495,dress
721424,dress
344292,sheath
155735,dress
515827,dress
128730,dress
125465,gown
1896772,dress
1194539,dress
1621234,sheath
302356,sheath
1636573,dress
646552,sheath
1424883,dress
1520680,dress
1889597,sheath
862446,gown
147440,dress
1072638,dress
152662,gown
548104,gown
2131950,sweater
1008562,gown
305868,dress
154002,gown
1982904,sheath
168610,gown
783906,dress
1108555,gown
1625102,dress
164051,dress
795254,dress
725242,dress
2712258,pants
1210233,gown
1919019,gown
141688,gown
1310167,gown
124553,dress
136860,sheath
595048,shift
1154504,dress
2017483,jumpsuit
1259708,dress
1112658,dress
166633,mini
858304,dress
313568,dress
1280715,dress
1419083,dress
394079,maxi
227818,sheath
2958376,romper
2343054,romper
149739,gown
786311,sheath
1356085,sheath
2842792,top
1013498,dress
478490,dress
414009,sheath
1188641,dress
272388,dress
767710,dress
1046957,dress
172914,dress
849468,dress
348662,dress
567599,dress
945880,gown
295072,dress
963476,sheath
334588,dress
1076484,dress
1390212,sheath
313821,gown
1875650,dress
330238,sheath
1595305,dress
1274956,dress
430708,dress
136110,dress
124204,dress
1246981,sheath
1967750,dress
1790955,sheath
1117289,dress
169179,dress
945246,gown
1567231,sheath
986296,dress
572613,dress
466944,gown
1213427,gown
1241917,gown
532135,dress
295745,dress
1793377,sheath
2076266,pants
183194,dress
1490515,gown
1831026,dress
668280,maxi
987052,dress
145906,gown
1056174,dress
884737,dress
763288,dress
527885,shift
615644,sheath
424691,sheath
2578061,jacket
1248293,dress
1976130,dress
1530913,dress
1484383,dress
195076,dress
1708327,dress
780380,dress
2468805,romper
128959,gown
1961311,gown
1436642,dress
1014880,dress
706145,shift
517998,dress
1433766,dress
1881176,gown
1416608,dress
1516843,dress
2248191,jacket
2273951,romper
258206,dress
2565135,suit
301873,sheath
1746190,dress
2746761,coat
2899540,blouse
730008,dress
2900163,blouse
859889,dress
1880626,sheath
831463,dress
2417674,jumpsuit
1158451,dress
2954118,trench
1346952,dress
2781713,jumpsuit
1571446,dress
1499974,dress
1389014,dress
134015,gown
1080396,dress
2608150,jumpsuit
1384766,sheath
1776178,dress
1977540,dress
617766,dress
466603,gown
1009546,dress
1822358,dress
2214689,top
1176605,gown
727157,dress
1346753,dress
1108814,dress
959200,dress
155381,dress
141548,gown
2122960,top
865225,dress
285225,dress
2045492,jacket
2400816,top
132135,gown
1090219,dress
2725374,top
1211829,dress
1187659,sheath
1271853,shift
139792,gown
147594,shift
1294660,dress
1136365,gown
199231,dress
2827807,pants
197170,dress
1250367,dress
142179,gown
624407,sheath
1872602,dress
1607671,dress
276763,dress
1604219,sheath
208647,dress
1468203,dress
442171,shift
140321,gown
1000739,dress
1166477,dress
802815,sheath
1019581,dress
1730006,dress
218606,gown
2163773,jumpsuit
1787191,sheath
312893,gown
1260731,dress
2494898,jumpsuit
686884,dress
1694131,sheath
1220393,gown
2577550,jumpsuit
654025,sheath
182578,maxi
925665,dress
1238932,dress
755371,gown
1920477,dress
703458,sheath
1212992,sheath
2493150,romper
1453647,dress
2596674,top
589412,dress
1008474,dress
985499,gown
833666,dress
1799162,dress
2096293,jacket
1869056,dress
1505204,dress
851656,dress
1858651,dress
2887640,coat
309634,dress
1050242,dress
2084326,sweater
1142056,dress
596740,dress
469932,dress
1815068,dress
1337205,gown
2760153,top
2337876,skirt
1425193,dress
1714731,gown
527130,gown
162634,gown
1973664,dress
200640,dress
789767,dress
2015956,top
2489222,cape
846616,dress
2477847,top
1941671,sheath
1706067,dress
168012,dress
2923916,top
1349696,dress
472922,dress
478077,dress
2303880,romper
619157,dress
1744232,dress
2684666,jumpsuit
1949394,sheath
1522253,dress
670722,gown
1396660,dress
1366699,sheath
1665000,dress
2775456,coat
2182859,skirt
1043392,gown
2218157,bomber
132738,gown
1679360,dress
1147823,dress
1976612,dress
1647277,dress
1866411,dress
2340200,sweater
1106101,dress
943243,gown
2579422,jumpsuit
396259,shift
2554847,jumpsuit
2796868,top
395702,dress
2757438,top
1323006,dress
178058,dress
1770781,dress
1384226,sheath
2168246,top
2660685,blazer
2140811,vest
1737394,dress
280734,shift
1832038,gown
1082379,dress
2190326,jumpsuit
1706040,dress
145417,dress
2223739,top
1618192,gown
1598777,dress
1673742,dress
1772362,dress
349579,dress
183945,sheath
1996590,romper
1725162,dress
1768956,gown
1109803,gown
1067035,dress
2388023,jacket
291513,dress
633179,maxi
809891,dress
1001122,sheath
184374,shift
1776280,gown
1814462,dress
2556160,top
942188,gown
1314014,dress
2918587,jacket
259934,sheath
786827,dress
1566870,dress
1495368,dress
1527946,sheath
2339613,top
1967775,dress
1695878,dress
820244,dress
2063202,romper
1547971,gown
1844408,dress
620288,dress
1465348,dress
537285,dress
1413486,dress
2743152,jumpsuit
1547051,gown
1449570,dress
331636,dress
1295893,gown
2321929,top
299987,dress
1567172,dress
2531493,jumpsuit
1698166,dress
2749860,top
130727,dress
921642,dress
2673874,jumpsuit
1697200,dress
1300249,sheath
1962198,dress
879452,dress
426346,dress
344877,maxi
337867,dress
2635020,top
2514175,sweater
1484078,sheath
909677,gown
268562,gown
666794,dress
2368838,jacket
286193,dress
1031440,dress
1738690,dress
1626759,gown
140877,gown
2362581,duster
1716120,shift
2161642,vest
864299,gown
2365085,jacket
1225430,dress
2164765,top
133584,dress
373527,dress
190238,dress
625370,dress
459700,dress
2641483,blazer
2141414,top
643385,dress
162491,gown
2927762,blouse
1680252,mini
746366,maxi
1255726,gown
1655531,maxi
1130860,dress
335248,dress
724319,dress
547674,dress
1090064,dress
296781,gown
1285250,dress
1501483,ballgown
1861000,dress
451591,dress
476080,dress
1041724,dress
1746967,dress
532982,dress
1859039,dress
1328898,gown
1936497,dress
866304,dress
1356952,dress
781825,dress
1425852,dress
1475816,dress
1340234,dress
331370,dress
637670,gown
1959943,sheath
1756163,dress
1427750,dress
873547,sheath
468020,dress
1121730,sheath
1198628,dress
416213,gown
2046224,jacket
1968677,dress
1242074,gown
2011987,jumpsuit
234407,dress
1364569,sheath
1330312,shift
1110928,sheath
209668,dress
1879504,sheath
293370,dress
2444721,jumpsuit
1711225,gown
2318669,skirt
2855612,romper
1121132,dress
499679,gown
2686655,top
1805488,dress
1135348,gown
308834,gown
653200,dress
902478,gown
2051413,jumpsuit
1991314,dress
2752000,romper
1012189,dress
1179146,dress
2949937,romper
364862,dress
1023159,sheath
1674806,sheath
2503472,tank
1626903,dress
175600,dress
242782,gown
2623770,blouse
503972,gown
424962,dress
1645046,dress
1404266,dress
174391,dress
1493246,dress
932152,dress
423547,dress
1880689,gown
2963850,skirt
1707988,dress
1257812,dress
814981,dress
1099773,dress
1422015,dress
843274,shirtdress
1432504,dress
2722274,top
187477,dress
2833955,jumpsuit
1821048,shirtdress
1459683,dress
2216225,skirt
127081,gown
937638,gown
2593622,top
1209909,dress
1049694,sheath
480832,dress
125424,dress
187164,dress
2222184,jumpsuit
2267668,top
175496,dress
1756705,gown
739555,dress
1639887,dress
1661761,gown
2490736,sweater
1179273,dress
797218,dress
2316191,top
1842923,dress
193361,dress
1459539,dress
2495121,jacket
2396750,jumpsuit
1676837,dress
1205016,gown
1523096,dress
2484886,sweater
1546247,sheath
2273401,poncho
1816796,dress
1481329,gown
1613579,dress
709832,gown
657626,dress
1662059,gown
1292293,gown
999837,dress
279859,dress
1692683,dress
1463543,gown
1692989,gown
1309537,gown
1273589,dress
295362,dress
1576942,dress
339498,dress
1017773,dress
403038,dress
2653183,jumpsuit
800530,dress
1164757,dress
144051,sheath
1444142,dress
1092231,dress
1018841,frock
544045,dress
1534987,sheath
1313942,dress
1557314,maxi
1917409,dress
569795,gown
1522959,dress
1904556,dress
160612,dress
1586334,dress
2656158,tunic
1491849,dress
690330,dress
1909065,gown
836441,dress
2722297,cardigan
1082384,gown
982621,gown
2813119,jumpsuit
716072,dress
317029,dress
2469789,jumpsuit
1637348,dress
2354093,top
234144,dress
2396177,romper
2590191,jumpsuit
2284955,top
509406,dress
2069605,coat
890500,shirtdress
1174307,dress
1378631,maxi
1467760,dress
2654048,jumpsuit
2876858,jumpsuit
716777,dress
1715311,dress
1614043,sheath
791847,dress
2812405,blouse
1869940,gown
1845636,dress
1010926,gown
1063576,sheath
1754708,dress
194182,dress
2901393,tank
522755,dress
326908,dress
721403,dress
1640972,dress
1930368,dress
1113191,dress
1406056,dress
347538,dress
1382388,dress
638318,gown
1515339,gown
1450102,dress
1051003,dress
144714,gown
1256434,dress
1268360,dress
312324,maxi
154652,dress
2426137,coat
1316534,dress
1333481,dress
2236896,jumpsuit
1496861,sheath
864981,gown
1692935,sheath
1773535,dress
1483804,gown
947192,dress
2080447,sweater
2785640,top
1542250,dress
362332,sheath
293358,dress
2829293,jumpsuit
420498,sheath
1355618,dress
409531,dress
2937389,romper
2529948,blazer
1391906,dress
2771463,romper
241759,gown
836119,dress
1016759,gown
1326545,gown
1566348,dress
1910722,dress
1483562,gown
1741645,shift
1084380,dress
1429859,dress
1328587,sheath
2783742,jumpsuit
2859339,tank
954303,dress
1728434,dress
1073611,dress
263981,dress
1188713,dress
466311,dress
356619,dress
2897833,top
1160869,dress
1138755,tunic
863680,dress
539385,dress
1176070,gown
2804719,top
1769937,dress
1213752,dress
2041867,skirt
497910,dress
1085150,dress
161541,dress
756784,gown
2213992,romper
840165,sheath
1231549,dress
1752487,dress
1076157,gown
1603811,dress
814116,dress
828847,sheath
1354299,dress
194128,dress
889239,sheath
1929594,dress
1687082,gown
2145486,sweater
1503791,dress
764278,dress
1018136,gown
389631,dress
135459,dress
1609392,sheath
2324616,top
693849,dress
346143,dress
1940985,dress
1172052,sheath
501519,gown
383302,dress
1036192,dress
940367,maxi
1465824,dress
1892058,dress
951771,dress
271412,sheath
1542667,dress
2130962,jacket
653960,dress
1669625,dress
1266176,gown
2201799,sweater
883916,sheath
154823,dress
644425,sheath
575727,sheath
588814,gown
979046,dress
1284660,dress
440363,dress
599262,dress
479018,dress
196859,maxi
1266562,dress
1639988,dress
2333654,down
550590,sheath
1396878,gown
1501987,gown
684027,dress
439655,dress
1760942,dress
1334351,dress
357231,dress
2903209,top
269172,sheath
1173025,dress
2398521,skirt
2566679,blouse
2075137,jumpsuit
1666866,dress
2707029,sweater
1574534,dress
169961,sheath
1565667,dress
601482,dress
2376757,sweater
858647,gown
1163129,gown
1260666,dress
591853,dress
1528722,dress
2704615,coat
946530,dress
432275,gown
263699,dress
795320,dress
986546,dress
158794,dress
609338,dress
255241,dress
1069002,dress
503009,gown
2793818,romper
2741268,jumpsuit
977833,gown
2520466,romper
1908561,gown
2872227,jacket
1869763,shift
1319519,dress
1046153,dress
2586703,romper
2484937,jacket
1693615,dress
2934055,jacket
756819,sheath
1472591,dress
1463604,dress
371022,dress
1608617,sheath
987743,sheath
150752,gown
1729496,shift
1942313,sheath
429191,dress
1519172,sheath
1609912,dress
181737,dress
1362593,maxi
1198944,dress
2826127,jumpsuit
450618,dress
887695,dress
200393,shift
2177538,coat
1711936,dress
627759,dress
1611671,dress
2233134,sweater
1390469,dress
382919,dress
688271,dress
523495,gown
920927,gown
1379559,gown
1434272,sheath
1939936,gown
2769473,skirt
1273915,gown
1101264,dress
1207456,dress
1507056,dress
868096,shift
176025,dress
1545760,sheath
861707,gown
449609,dress
2311418,sweater
858828,sheath
1844025,gown
1448967,maxi
1924247,dress
2015751,jacket
2215805,jumpsuit
931734,dress
573147,gown
1738544,dress
1022099,dress
845730,dress
1628630,shirtdress
750005,dress
1383632,dress
2267346,blazer
661589,maxi
368421,dress
649440,maxi
2231774,sweater
427691,dress
2641318,sweater
231133,dress
226278,shift
2004376,jumpsuit
1476825,sheath
308150,sheath
1478427,dress
1488836,dress
2309796,top
192258,sheath
698130,gown
2510283,top
2559484,jumpsuit
134849,gown
1219459,maxi
1231740,dress
1695279,sheath
1115223,dress
709848,dress
2878135,coat
1927996,dress
652189,dress
580227,dress
148690,dress
2865991,top
2389184,blouse
2856326,sweater
550829,dress
1906757,dress
2932257,top
693185,sheath
1773356,gown
848848,shirtdress
2228385,top
534612,maxi
1916904,dress
1289102,dress
1435687,dress
1000270,dress
1159412,dress
2622144,jacket
1240309,gown
1498329,gown
432268,dress
2107392,down
992169,dress
1263582,dress
1830328,dress
1745124,dress
227442,sheath
369899,dress
1175903,gown
2595491,jacket
569424,sheath
2445075,blouse
603369,shift
933074,dress
2770385,jumpsuit
1242444,dress
2262637,cardigan
2492236,top
1770993,maxi
706929,dress
507732,dress
666332,dress
645460,maxi
2708578,top
1265357,gown
183200,dress
1099081,dress
2498084,coat
1257871,dress
1160073,shift
2806136,coat
2525612,culottes
173235,sheath
2070968,top
2854917,romper
557701,dress
1085718,dress
216959,gown
1808106,dress
2048786,top
1679420,sheath
1615177,gown
1110985,gown
2876727,sweater
2226744,jacket
1607852,dress
2680432,sweater
345146,dress
508973,dress
205656,dress
226564,gown
2039074,top
1613854,dress
956499,dress
1110676,maxi
203856,gown
1014293,gown
1633174,midi
1335648,gown
1163553,dress
1846864,dress
2885734,down
1716472,dress
600840,sheath
555308,dress
686720,dress
2059409,jumpsuit
185226,dress
1278211,dress
2250612,coat
1252187,sheath
2412294,blouse
1299190,dress
2280839,blouse
2661998,coat
1294261,dress
729362,dress
730604,dress
1274052,dress
626764,gown
948002,gown
2713643,blazer
2031136,pants
948805,dress
1699137,dress
1952622,dress
2468077,blazer
2254041,skirt
2273244,jumpsuit
1448326,dress
2027145,top
2401751,top
2211789,romper
1818424,dress
1800440,dress
1525577,dress
802278,dress
174258,dress
2555037,tunic
455295,dress
186629,dress
1267490,dress
296430,dress
1797448,dress
1564333,dress
843739,gown
443464,dress
287475,gown
158028,gown
1361162,dress
1456137,dress
1359622,dress
261679,shift
166006,gown
1840350,dress
1539576,dress
1069879,dress
733561,shift
397183,dress
1419870,dress
1954806,dress
1882156,gown
2256307,pants
1237986,dress
1636171,dress
780217,dress
2905597,coat
2097937,jacket
1215281,gown
708064,dress
1347405,dress
1060700,shift
1256956,sheath
552889,gown
1247578,sheath
1171343,dress
1763585,dress
250315,dress
1345027,gown
2626811,top
654681,dress
494731,dress
129831,dress
2083642,cape
1499752,dress
2557055,top
1317846,gown
939721,dress
561264,sheath
655630,dress
404235,dress
1901073,dress
1514308,dress
1573248,dress
1809616,sheath
2902365,culottes
1703034,dress
1563416,sheath
337018,dress
1316404,sheath
1056939,dress
1815839,dress
989029,gown
550322,gown
1391320,dress
665360,sheath
2659203,jacket
754797,dress
1241304,gown
311350,dress
2478188,romper
1584972,dress
1250402,shift
407323,dress
2300010,jacket
1375793,gown
1491763,dress
620524,dress
741141,sheath
1405845,dress
576743,dress
1731993,sheath
512791,dress
2494511,cardigan
459535,dress
2566009,jacket
1011749,sheath
1860491,dress
2315001,jumpsuit
928312,dress
1099530,shift
615009,maxi
594682,dress
1511014,dress
2632105,top
1050416,dress
2406399,skirt
1351623,dress
1940267,gown
152510,dress
316117,gown
916639,dress
702133,dress
2810085,coat
2636291,skirt
1030240,dress
1692512,shirtdress
252102,dress
2931769,romper
430096,sheath
832622,gown
2592943,top
1382749,dress
176490,dress
1373203,dress
1817073,dress
2566412,top
1620576,dress
155820,gown
1897655,dress
1982555,dress
1576857,dress
1352656,dress
2117864,sweater
1490201,dress
757135,gown
1620318,dress
1186050,sheath
760309,dress
1691700,dress
2303762,romper
673917,dress
1231865,dress
408994,dress
268000,maxi
2764635,jumpsuit
2064568,legging
2393071,skirt
524341,gown
1180533,dress
1867652,maxi
699053,dress
185182,shift
1142945,gown
1819243,dress
2364723,culottes
1680968,dress
1329072,dress
1989948,maxi
545632,print
1804544,dress
314633,gown
1839313,dress
809269,dress
1901762,dress
1775530,dress
1799377,dress
913142,dress
903647,gown
1706448,dress
1407928,sheath
2121378,blazer
463678,sheath
1913010,dress
543189,gown
1325648,dress
568875,dress
1678888,dress
1144993,gown
408092,dress
1689782,gown
662706,dress
544038,dress
2696263,skirt
924335,dress
1063761,sheath
217822,dress
1429022,dress
1167885,dress
1363651,dress
573593,gown
1860720,dress
1132735,dress
967675,sheath
283107,gown
871172,gown
2798436,top
1532367,dress
2628747,jumpsuit
1005880,dress
1541730,dress
165468,dress
2215751,blazer
736985,dress
1700282,sheath
1283795,dress
1808470,sheath
1017726,dress
2342226,blazer
159931,dress
2574541,jumpsuit
707749,dress
1002863,dress
863134,shift
2807264,top
2756176,down
1693091,dress
2620667,romper
407719,dress
2460736,coat
998947,dress
440058,dress
782555,dress
1992625,shift
1785957,gown
2606386,down
683251,dress
2195317,sweater
1846399,dress
294486,dress
1334728,dress
851692,dress
658625,dress
2663048,sweater
360837,dress
2375866,skirt
2852206,top
2123850,top
233596,dress
1039359,dress
2459331,skirt
2431119,top
1796472,dress
2352295,sweater
1169722,shift
1943496,dress
669328,dress
1934214,dress
2755189,jumpsuit
231418,dress
1583612,dress
2581384,blouse
955151,dress
2477345,top
1257763,dress
1094009,sheath
2266600,coat
1824330,dress
2882239,shirt
902200,gown
1812370,gown
1312162,gown
2811715,jacket
1621646,shift
511441,dress
842449,dress
2392287,jumpsuit
582976,dress
2726766,pant
2708732,top
1455118,dress
2546173,romper
2356401,jacket
185800,maxi
310454,dress
782079,gown
1377639,dress
2742743,shirt
1969604,dress
2014299,top
1619658,gown
952836,dress
2821340,romper
2896412,blazer
1118295,sheath
877767,gown
607186,dress
310735,dress
1877137,maxi
2283350,blouse
2916826,jumpsuit
1894639,shift
323450,dress
1786364,sheath
2300784,skirt
1106697,dress
171284,dress
1662825,sheath
1718885,dress
839499,sheath
1630965,gown
1186923,dress
1584094,dress
2114572,top
1072201,dress
944061,shift
216048,dress
2378271,romper
1178721,dress
1800907,dress
431702,dress
1610801,dress
1225471,dress
854404,dress
297536,gown
254493,dress
534314,dress
1146727,dress
553143,gown
870184,dress
2063849,pant
2648913,top
2195049,blazer
1194169,dress
874687,dress
1149283,dress
370717,dress
851603,dress
898283,gown
304354,dress
936038,gown
1971393,dress
2266220,top
1170357,sheath
2609834,tunic
538840,gown
1769705,sheath
614587,dress
1841367,dress
1777332,dress
499195,dress
427952,dress
2780710,knit
1324909,dress
2252462,romper
1832871,sheath
928269,dress
1643568,dress
507766,dress
1783600,dress
1057930,dress
2285849,top
1714387,dress
1353012,gown
2668203,culotte
226072,dress
2806944,top
1368220,dress
613085,dress
1317747,gown
2732613,shirt
1254547,dress
451969,sheath
656716,gown
1289744,dress
2233462,down
1440124,dress
329769,dress
731134,dress
179124,dress
374793,dress
1171513,sheath
2032140,jacket
1630499,gown
980230,dress
1129399,sheath
2077141,romper
1125393,dress
232899,dress
629699,gown
2527457,vest
363135,dress
1667930,dress
686614,dress
2706891,vest
801920,gown
1596783,dress
652854,dress
451770,dress
1880294,dress
1459957,dress
1083818,dress
1114441,gown
2411704,down
1263897,dress
278878,gown
1806296,sheath
616481,dress
1712963,dress
1749759,dress
1529884,sheath
1418138,dress
988239,sheath
2251576,coat
1606923,dress
2791864,jumpsuit
1925838,dress
1939556,dress
323870,shift
737598,gown
1375284,dress
1457171,dress
886686,dress
403748,sheath
2771965,romper
597279,maxi
1891250,dress
1570102,gown
1232187,sheath
2410432,skirt
645694,gown
2477276,jumpsuit
424703,dress
265806,maxi
213089,dress
965768,gown
577391,dress
932347,dress
1291744,dress
815986,dress
2763188,jacket
1397005,sheath
1148823,gown
144727,sheath
1045120,dress
552718,dress
1344940,dress
1171567,sheath
2773598,romper
1509299,shift
1585534,dress
2125959,romper
1149455,dress
1980086,gown
642677,dress
479885,dress
2379488,skirt
1024498,gown
1675905,dress
2916025,romper
763393,dress
681455,dress
2605192,down
1875147,dress
1783282,dress
1322682,dress
1053467,dress
861118,dress
765872,gown
1476038,dress
1249033,dress
1032906,dress
1530271,dress
1376921,dress
1797023,dress
574286,sheath
1671970,dress
2842622,sweatshirt
2832958,jacket
1957774,gown
1369656,sheath
1383321,dress
379930,dress
1689209,dress
1276802,dress
1948542,dress
2141839,top
1883531,sheath
421373,dress
245079,dress
1674335,sheath
1877861,dress
150138,gown
1454808,dress
1289088,sheath
2670837,skirt
1055399,dress
562188,dress
1151504,dress
2861781,top
1780063,dress
753003,gown
1404676,dress
1207217,sheath
2256658,jumpsuit
2014771,top
617013,gown
929861,dress
2073373,jumpsuit
2673990,jumpsuit
1154164,dress
1972833,dress
1988815,maxi
2924635,top
613257,gown
736247,dress
2442472,coat
833599,gown
2850568,jumpsuit
990892,dress
439630,maxi
1445609,dress
227716,dress
914136,dress
195124,dress
2560442,jumpsuit
1390540,dress
462822,dress
1986986,gown
1281064,dress
1696364,dress
723450,sheath
1955988,gown
532252,sheath
2085253,skirt
1956818,gown
1479136,gown
1600987,dress
1361212,dress
1784020,dress
790784,dress
962489,dress
2319586,jacket
1946466,dress
2111962,poncho
2171304,blazer
2491997,culottes
546398,dress
544964,dress
2955734,skirt
2444237,top
2098200,romper
590893,dress
753788,sheath
664127,dress
291089,dress
2087286,jumpsuit
834620,gown
256646,dress
2340996,jumpsuit
2231364,romper
376881,dress
1279089,dress
1103425,dress
1313216,dress
2552714,sweater
387552,gown
897494,dress
1625843,gown
2758175,jumpsuit
1617436,dress
852319,dress
1513452,dress
1768942,gown
916623,dress
149913,dress
1766932,dress
618661,sheath
1515649,dress
2431951,jumpsuit
1074283,dress
2537366,vest
447098,dress
1044125,gown
2481108,shirt
926842,dress
1434163,sheath
2015822,skirt
392822,gown
1667586,dress
1310632,shift
561215,dress
2076492,jacket
1414833,gown
711795,dress
2776206,blazer
306500,dress
1366530,dress
772587,dress
2518576,skirt
1079034,dress
2684435,coat
807839,sheath
904766,sheath
987569,sheath
1984705,dress
2140050,sweater
2221349,romper
2255218,blazer
1313746,shift
2758095,coat
1271400,shift
445639,dress
1818228,sheath
803339,dress
2573155,top
2071030,skirt
2696735,blazer
340686,gown
1717957,shift
420842,dress
1482569,gown
1460606,dress
1922124,shift
531788,dress
656480,dress
1366101,shift
580060,gown
670966,dress
1800249,dress
301960,dress
451300,shift
336097,sheath
655775,sheath
1951265,dress
636785,dress
553936,dress
1834223,dress
2057094,jacket
1863819,dress
1006741,dress
1613149,dress
598578,dress
377131,dress
1331220,shift
2209432,culottes
677837,dress
1820237,dress
1617482,gown
898529,gown
999526,dress
646512,dress
1979624,dress
2363191,jumpsuit
1099646,dress
1804642,dress
2710114,top
341450,dress
308000,dress
2339359,jumpsuit
1437612,dress
571536,gown
880935,dress
397391,sheath
611674,dress
2589683,top
2126196,blazer
2510533,peacoat
1749401,dress
1859884,dress
2073553,top
2217216,trouser
799258,dress
331924,dress
393530,gown
2739219,top
1068027,dress
1015626,gown
956997,gown
1446293,gown
935316,dress
1188264,dress
1769204,gown
1388246,sheath
383730,dress
482477,dress
1308013,dress
1831674,gown
2834871,top
561864,gown
1138140,dress
1971222,dress
1003076,dress
2236220,top
1592991,dress
228702,dress
2953681,blouse
2382109,jumpsuit
1038630,dress
1709498,dress
1558936,dress
1780765,dress
1251146,gown
451860,dress
149459,sheath
664558,dress
1168767,dress
987536,gown
1227811,dress
2354652,vest
1983744,dress
325844,dress
1762397,dress
961819,dress
555311,dress
671761,dress
646029,dress
781281,dress
2590650,sweater
1698815,sheath
2787036,pants
2440235,blazer
1549763,sheath
1772024,dress
2147316,culottes
1223725,dress
1325194,gown
1518795,gown
1592912,dress
2203043,shirt
422368,dress
374312,dress
2148471,blazer
1839582,dress
485187,gown
246037,dress
1614539,gown
2347208,down
418571,dress
1793868,gown
865585,sheath
1089872,sheath
2730831,romper
958423,gown
2345674,top
2062332,jacket
2052790,top
2154123,skirt
2623904,top
1410653,sheath
1058632,dress
1922958,dress
1826136,dress
1451390,maxi
1155639,dress
2920015,jacket
676028,dress
2496394,romper
708493,dress
1114041,dress
2678083,top
1146704,dress
1737699,shift
585830,dress
1433240,dress
2509818,cardigan
2824638,top
2885924,top
2542285,top
1702526,gown
1986895,dress
1146825,dress
690829,gown
2321411,top
1956527,gown
1580655,dress
1688316,dress
1299039,maxi
1255302,dress
852204,gown
1992563,dress
1314666,dress
725296,dress
283978,sheath
2866121,skirt
1912012,dress
2651766,bomber
178527,dress
354610,dress
291364,dress
1674936,dress
1661651,dress
2068463,jacket
830504,dress
2131449,jacket
635364,gown
640121,dress
2869596,coat
2560627,jacket
742741,dress
1980383,dress
2879483,blouse
1105919,dress
1228651,dress
405907,dress
468314,gown
529029,gown
246463,dress
2763121,skirt
821189,dress
229145,dress
1916198,gown
2305765,pants
1028680,dress
1163310,gown
463728,dress
2946611,pants
1971103,dress
1861964,dress
874728,dress
2714551,top
2008057,jacket
1955429,dress
313671,gown
1112955,dress
2851067,jacket
1944337,dress
360075,dress
2021815,top
1776214,dress
1873684,shift
1154732,dress
2245184,top
1426525,dress
1001829,dress
1230116,dress
719301,maxi
549867,dress
518200,dress
302723,dress
554095,sheath
2321439,top
240208,dress
396894,dress
1251617,dress
515055,shift
1579355,dress
1360406,sheath
1180202,dress
2719579,top
1940255,dress
694477,dress
2764812,vest
1646340,dress
2424628,top
1780558,dress
528590,dress
1093026,sheath
1230882,dress
1928796,sheath
1895994,dress
2088804,top
2703625,romper
1947410,dress
1835732,gown
351928,dress
978935,gown
335811,dress
1292843,sheath
593478,dress
1726201,sheath
1200223,sheath
484978,dress
2807362,romper
1322953,dress
592539,dress
504959,dress
194232,dress
628492,gown
815195,dress
2930542,coat
905717,sheath
1893305,dress
319191,dress
972509,dress
2268666,kaftan
435001,dress
1217094,dress
876938,dress
2343090,top
556224,dress
1890107,sheath
2650470,jacket
358662,shift
2487984,sweater
1064880,sheath
1814016,dress
295304,dress
679340,dress
1158313,dress
1147844,dress
1339136,gown
1994009,sheath
2685907,sweater
1054480,dress
2799298,sweater
510981,dress
1096999,maxi
492247,gown
2607121,top
1329021,dress
591636,dress
1710886,dress
467091,gown
1526453,sheath
1033454,gown
1272718,maxi
1719221,sheath
1573992,dress
2784137,jumpsuit
874053,dress
2329479,skirt
1913039,dress
463324,dress
444246,dress
2210199,sweater
850498,dress
970010,shift
1482652,gown
1141067,dress
632507,sheath
1183835,dress
1279795,dress
1465594,dress
448965,dress
214411,dress
2252812,jumpsuit
340327,dress
1846462,gown
1129875,dress
1123982,dress
1211562,dress
2687363,top
650770,dress
578862,dress
1925179,dress
338695,sheath
1665899,gown
1408079,dress
1850708,dress
1618682,shift
499380,gown
1019819,sheath
1031161,gown
1580030,maxi
2463317,jumpsuit
2030316,overalls
290624,dress
2006660,jacket
2881970,blouse
2432534,top
2162871,coat
2008978,romper
934639,dress
1865574,gown
1884484,sheath
2465306,jumpsuit
376219,dress
417969,gown
2145316,top
720017,dress
1895348,dress
2389457,top
1443184,dress
2872204,top
2434104,top
622319,dress
2419004,top
298336,sheath
2351339,coat
682043,dress
812029,dress
232383,maxi
2386057,coat
631251,dress
1057309,dress
588840,dress
2473413,top
2087473,top
1154854,dress
1339601,dress
819428,sheath
2642071,sweater
1493224,dress
506816,dress
2053531,pants
2317885,skirt
1686260,gown
2108949,blouse
542348,sheath
915376,dress
2859490,jumpsuit
2023981,pants
2714854,top
1836461,gown
528120,dress
423236,dress
1391846,dress
2409102,tunic
1386350,dress
1479569,dress
325470,sheath
2532470,romper
1210197,sheath
428942,dress
2564595,sweater
1606484,dress
820057,gown
1892745,dress
2900682,leggings
1045604,dress
762257,dress
2521310,cardigan
160346,dress
706647,maxi
488181,dress
1368315,sheath
576000,gown
2812364,jumpsuit
1648416,dress
315804,dress
1911182,dress
230856,dress
2118265,sweater
660136,dress
2419758,shirt
1397874,gown
875118,dress
1937688,dress
1932569,dress
2264245,jumpsuit
2464793,jogger
951810,dress
914568,dress
2467523,top
714372,sheath
493265,dress
405944,dress
361530,dress
933691,shirtdress
1767995,dress
2778191,jumpsuit
281431,dress
453349,dress
948174,gown
1978193,gown
610093,gown
809343,dress
1282254,dress
765473,gown
1762904,dress
1680432,dress
2464025,sweater
2465812,skirt
2862443,top
232082,dress
1281865,dress
174799,dress
1602384,sheath
1892192,dress
2874874,jumpsuit
728996,dress
2895903,blouse
595965,sheath
2257456,jumpsuit
1748585,sheath
800975,dress
514672,dress
1654922,dress
1161988,dress
960463,dress
451754,shift
2702384,skirt
2229395,jacket
2622679,coat
788115,maxi
644706,dress
1432370,dress
1842684,gown
2488048,skirt
605263,dress
578153,sheath
1878529,dress
1616442,dress
151551,sheath
657768,dress
329814,dress
365727,dress
2200369,jacket
2197525,pant
1567312,dress
978637,sheath
2779107,sweater
1511595,dress
869052,dress
1132884,dress
273492,dress
1193060,dress
170762,sheath
1070633,dress
913691,dress
1041411,dress
1461091,sheath
2595829,top
859692,dress
318596,dress
483545,dress
2261828,romper
222318,shift
1191124,shift
286495,maxi
1783169,shift
1740815,dress
1986190,dress
458666,dress
445150,sheath
2898794,top
1122460,sheath
2456857,romper
1049084,dress
2307629,top
555063,dress
491342,dress
2885231,top
1191552,dress
194369,sheath
699225,gown
2158754,jumpsuit
2033686,sweater
2287853,jumpsuit
2036606,romper
1528337,dress
1116585,gown
1516223,gown
1913825,dress
614741,dress
698153,dress
163328,gown
1821947,shirtdress
1941937,dress
391907,sheath
525355,sheath
822724,dress
521203,dress
2382861,sweater
2915685,sweater
1894935,dress
1684099,dress
597314,dress
178429,sheath
305799,gown
222762,dress
1064359,dress
979016,sheath
805512,dress
2726034,pants
2101150,top
974504,dress
2948324,jacket
1831657,dress
2408077,blazer
1111981,dress
384731,sheath
2755732,bomber
375996,dress
1750560,dress
1697202,gown
848251,dress
1788074,dress
1892264,dress
947584,dress
867148,dress
649983,dress
2292386,shirt
2822800,tee
796216,dress
1593041,dress
2660249,skirt
1412589,dress
536592,dress
1247623,dress
1645834,gown
369203,dress
2120713,sweatshirt
2771196,top
1727383,gown
1592585,dress
2502074,shirt
1555216,dress
1286229,dress
2860188,sweater
944012,dress
614384,dress
244945,dress
993779,dress
1350479,dress
1083036,dress
782051,dress
531077,dress
2531779,jumpsuit
583437,gown
2519726,shirt
1605589,gown
1543130,maxi
303637,dress
612756,dress
406895,shift
919589,gown
2459885,top
2092301,top
1506520,dress
1836919,gown
1342040,dress
2420796,jacket
2504698,sweater
1704630,sheath
938882,dress
1651169,dress
1088129,dress
209001,dress
2732280,coat
2599988,skirt
1216038,dress
1499177,dress
2421831,blazer
326784,dress
177394,dress
1715008,dress
1363948,dress
1788819,dress
1460767,dress
1166927,dress
1745932,dress
1487216,gown
571931,dress
813428,shift
398222,dress
1601008,dress
2118219,combo
709521,dress
2057975,jumpsuit
2465813,jumpsuit
1145592,sheath
1461623,gown
1553158,sheath
828743,dress
2655365,top
2095467,jumpsuit
2281956,top
625308,dress
2002292,henley
1570915,dress
275088,gown
1311397,gown
2393569,top
675714,sheath
2960969,jacket
2736018,top
549751,shift
2122305,romper
1584916,dress
2902058,culotte
634755,dress
1285684,dress
1150596,dress
1345080,dress
2478626,top
1296364,dress
1273149,gown
691861,dress
1612907,dress
615517,dress
1859768,gown
1839844,dress
1780941,dress
1253724,sheath
2109871,jumpsuit
283584,gown
1701960,maxi
1165054,gown
952053,maxi
586451,dress
1936454,maxi
1306088,dress
731839,dress
2769576,blazer
1255234,maxi
240137,dress
1939748,gown
367342,gown
2334570,jumpsuit
1052971,shift
1841429,dress
587001,dress
2929563,jumpsuit
1750582,dress
1126394,dress
254960,sheath
1470044,dress
1326105,gown
2023661,top
1589928,sheath
2406172,jacket
972745,dress
1882731,gown
2957481,top
266651,dress
1703994,dress
784545,dress
278104,dress
2054797,top
567142,dress
1110122,gown
2527752,top
369599,gown
333335,sheath
1663870,dress
458919,shirtdress
924088,dress
2840984,top
445546,dress
1813420,sheath
2392467,jacket
823534,dress
2346660,top
638571,dress
916090,dress
728275,dress
2733254,top
2135899,blouse
2622455,top
799238,dress
149655,gown
811442,dress
255986,dress
431518,dress
778237,dress
2700492,romper
1429912,dress
516116,dress
943143,dress
2192590,top
1336309,dress
906993,dress
669228,sheath
2758251,jacket
2553295,romper
190793,dress
1034372,dress
2268614,top
219061,dress
1766461,shirtdress
180014,dress
1731270,gown
1015917,dress
607037,dress
1447941,dress
986324,dress
1044663,sheath
957927,dress
1119245,sheath
319514,dress
1900480,sheath
2837884,jacket
2658329,bomber
1480942,dress
844779,dress
1598962,sheath
2824615,jumpsuit
2239063,blouse
2196467,skirt
526216,dress
1494967,dress
2593224,romper
2627277,top
1287390,maxi
1309118,gown
2735011,romper
2250584,top
255476,dress
930824,sheath
1086679,dress
1392841,dress
1623440,dress
433035,sheath
1638062,dress
2517880,blazer
1735828,shift
966875,dress
2080312,jumpsuit
1062440,gown
1213796,sheath
442500,dress
359431,dress
1083102,dress
722566,dress
2535060,jacket
2151515,down
1310462,gown
1543836,sheath
1614071,sheath
315655,gown
1479699,dress
1734300,dress
2086931,skirt
2086169,top
1481998,sheath
288472,dress
2694393,romper
1725981,dress
549366,dress
741980,dress
1467075,blouson
2763061,jacket
710897,dress
1807257,dress
2921697,sweater
989581,sheath
2677502,jacket
1759585,dress
341294,dress
301159,dress
1000254,dress
2830897,jacket
1399602,dress
1167757,dress
738492,gown
1026684,dress
1298692,dress
704314,dress
2720289,jumpsuit
331706,dress
486225,gown
1667419,dress
1535617,dress
2900227,skirt
857508,dress
238402,dress
2430068,romper
2701429,vest
682871,dress
2014078,jumpsuit
1560875,shift
1422762,dress
1448560,dress
2934869,jumpsuit
1487957,dress
700357,dress
990533,dress
1474262,shift
761785,dress
2186524,blouse
724632,dress
582430,dress
276603,dress
2497550,skirt
379441,dress
1919919,gown
2427891,jacket
993753,dress
770712,dress
1685489,dress
233953,dress
948396,gown
1427330,sheath
1269149,gown
766885,dress
838207,shift
1023626,gown
2330296,top
1402874,dress
472333,dress
1135080,gown
1913402,dress
1776443,dress
152998,dress
1279220,shift
2238060,top
1785451,sheath
2942706,vest
2647046,down
542159,sheath
1722663,dress
2839578,skirt
477660,dress
732995,dress
2478494,top
1368672,dress
2525650,top
2935830,jacket
1340629,dress
699458,dress
768842,dress
499042,dress
2888332,shirt
2868598,jumpsuit
322434,gown
1032186,sheath
1852076,dress
2541835,skirt
2516218,romper
2537804,jumpsuit
1634480,dress
1383415,dress
1717449,dress
2328827,skirt
969553,dress
1871370,dress
708613,dress
984289,sheath
1795313,maxi
1852937,shift
1006362,dress
936843,maxi
2753495,coat
1855564,maxi
412212,dress
1190600,dress
1869517,gown
713790,sheath
1853367,dress
2635662,top
1798127,dress
2094768,top
2817812,top
1832150,dress
589983,dress
887454,dress
876394,gown
1452027,gown
674597,maxi
2058499,romper
1833941,gown
1572307,dress
929570,gown
2795279,skirt
1834911,shift
1954824,dress
2762448,culotte
2192234,romper
195613,mini
1821702,sheath
2892306,pants
2269659,top
2576099,top
2863546,coat
2390516,top
2236784,jacket
1432088,dress
1582012,gown
347691,dress
2794512,leggings
159395,gown
2081282,blouse
861613,maxi
2472076,romper
2035790,coat
1848727,gown
1981995,dress
441162,dress
1723951,sheath
671410,dress
2936752,top
684381,shirtdress
1756956,dress
299080,dress
329400,dress
2281299,tank
368245,dress
1650899,dress
487992,dress
269371,shift
2135183,coat
2775831,top
2083361,top
965888,dress
1028330,dress
2707303,romper
1364866,shift
267405,dress
2245994,top
195406,gown
498082,dress
1144308,sheath
2710989,skirt
918212,dress
2275614,jumpsuit
1917842,gown
365608,sheath
1918627,gown
2904743,jacket
1821212,dress
633243,dress
458060,gown
1801597,dress
1091440,maxi
1285647,dress
1462172,dress
699783,dress
916397,dress
2834590,top
1668882,dress
2960025,jumpsuit
647299,gown
391450,gown
614775,dress
2089475,top
2667547,jumpsuit
1025572,gown
2736849,top
1373876,dress
981163,gown
1252971,dress
2026327,jumpsuit
1774524,dress
253667,dress
903091,gown
1174940,dress
835908,dress
2011086,jacket
968649,sheath
751867,sheath
1164098,dress
2349556,pullover
2591874,jacket
1092842,dress
2414738,skirt
2846069,down
1550255,sheath
1673815,dress
1810862,dress
2775745,top
696761,dress
958617,dress
2945782,jacket
1517307,sheath
1042152,dress
1049981,dress
2146328,jacket
1367424,dress
1983338,sheath
1394843,shift
1529320,dress
198271,mini
1195490,gown
2457608,bomber
1390827,gown
2104233,jumpsuit
1182071,sheath
2835610,jacket
1605839,dress
414305,dress
1584000,dress
2090997,jumpsuit
976594,maxi
2468762,jumpsuit
1994527,shift
209578,dress
2740458,top
497719,dress
1979590,gown
1458668,dress
525014,dress
2295650,pant
234276,dress
533452,dress
2273596,down
1654826,dress
1187427,dress
1343855,dress
773361,dress
2548121,jumpsuit
1069265,maxi
2638609,coat
2366355,jumpsuit
619977,dress
1660815,dress
944766,sheath
1996278,blazer
1428822,dress
1682362,gown
1437907,dress
251937,dress
1132917,sheath
1610867,dress
2404693,jacket
2588614,skirt
257262,dress
2848341,jacket
1318448,maxi
1834416,dress
1553876,dress
2912138,jumpsuit
1514732,dress
2441719,top
2716360,coat
2881114,jumpsuit
1021482,dress
795734,gown
498544,dress
1842792,gown
785354,gown
1877932,dress
1361906,dress
2616422,top
2005622,jumpsuit
808681,dress
1634960,dress
608649,dress
2567610,romper
2795602,sweater
1733906,dress
1849737,sheath
2566600,pants
2646149,tunic
329069,shift
640617,dress
1522885,sheath
2576388,jumpsuit
406848,sheath
1752724,dress
1647187,dress
300980,dress
1845435,gown
2032064,sweater
2344945,blouse
2329420,jumpsuit
2955585,skirt
344481,dress
1510617,dress
1664350,dress
2079032,jumpsuit
1075242,dress
1354920,dress
2543997,romper
2466048,jumpsuit
1950240,dress
2805241,sweater
2239701,skirt
1991804,dress
1640699,gown
2737889,down
2150854,romper
1428087,dress
454564,dress
1792505,sheath
721699,dress
1988709,dress
2506121,jumpsuit
2725259,shirt
1123833,sheath
1562701,dress
918064,sheath
2956453,top
1596301,dress
484069,dress
2132190,top
1934274,dress
2894255,top
2436170,jacket
885960,maxi
2098918,poncho
2231291,pant
496108,dress
1185240,dress
1422568,dress
1689146,dress
1848844,dress
2543153,top
2044701,jacket
2810718,pants
1587318,sheath
712527,dress
1712415,dress
690634,dress
2517143,jacket
2373592,blazer
1179225,dress
2501032,top
2728805,romper
2367913,coat
2119766,jacket
1219754,gown
1687910,dress
2476239,jumpsuit
2747774,top
1381018,dress
695314,dress
836631,dress
911132,sheath
2064239,jacket
401533,dress
2206746,sweater
2721183,top
307233,dress
1492185,shirtdress
2244325,turtleneck
826672,dress
974129,dress
1480010,dress
2136822,romper
800605,dress
2858308,trousers
1034813,maxi
1329801,dress
1578308,gown
1036336,dress
2227585,top
2851639,sweater
2418539,top
637042,shift
1585757,gown
1911737,sheath
1615874,sheath
765009,sheath
2792945,top
2263252,skirt
2833803,top
292441,dress
785603,dress
1924050,dress
1549943,sheath
1205802,dress
1981289,dress
514036,dress
2315179,cape
2411964,top
1275627,gown
1477398,dress
2073013,jumpsuit
1235119,dress
2729447,coat
2358935,top
1512783,sheath
2305405,trouser
715049,gown
1365521,gown
2845075,top
1864792,dress
2014707,top
2456539,jumpsuit
1995373,dress
504109,dress
2546911,pant
1796247,dress
1446885,dress
1964198,shift
1783253,dress
727382,sheath
686139,dress
350977,shift
2279061,skirt
2210425,top
1415190,dress
587536,dress
2577018,top
1931852,dress
2330980,skirt
505877,dress
1591403,shift
571441,sheath
1638869,sheath
2048552,overcoat
2475563,top
1650003,dress
1131772,gown
1803860,dress
1262352,dress
1236359,dress
2385710,culottes
1113599,gown
983905,dress
2362525,romper
1510143,shift
2698134,top
2425790,top
230875,dress
2530612,romper
1034310,dress
2484216,romper
1955352,dress
404345,dress
1458403,dress
1888892,gown
2920428,top
1353811,dress
1769671,dress
2603666,romper
474493,dress
538143,gown
2304033,bomber
1907754,gown
247125,dress
390071,dress
856483,gown
1441700,sheath
2071488,jacket
1598390,maxi
520313,dress
2065635,jacket
1703776,dress
847550,dress
2510824,jacket
2012443,coat
2686855,top
2816877,romper
350549,dress
2229148,coat
2486625,duster
1334632,gown
2681264,jumpsuit
2654735,jacket
2347117,jacket
416027,dress
1556504,dress
714976,dress
236557,shift
1409027,gown
726174,dress
1999720,top
1389231,dress
1100910,dress
293711,dress
2102573,jacket
2330380,top
2027980,top
264165,gown
2411425,romper
344794,gown
1985339,dress
2327027,cape
2403142,blouse
2130194,pullover
222467,dress
1224275,dress
1944753,dress
2366148,skirt
2151449,shirt
2941958,top
1677685,gown
384260,sheath
2310731,jumpsuit
1651965,dress
2055795,jacket
2165504,jacket
1157402,dress
1345219,gown
1798233,dress
377045,dress
559634,dress
2287562,top
1399833,dress
2164018,jacket
401725,dress
204063,dress
2422435,jacket
917461,dress
2273798,jacket
769383,dress
243449,gown
856497,gown
931139,dress
1685669,dress
1768911,gown
523731,dress
1107693,gown
1571668,shift
1590828,sheath
1192794,dress
622527,shift
2819787,romper
1786525,gown
2687880,top
191243,dress
2886469,coat
2571458,blouse
2821045,romper
2342335,top
1978905,dress
558669,dress
878960,dress
397303,dress
2439344,top
1628426,dress
1223581,dress
460573,dress
1417294,dress
2304490,top
2164145,sweater
333479,dress
2505335,top
1719559,sheath
912273,dress
2090774,sweater
1393299,dress
2019803,jumpsuit
1918620,sheath
2759059,skirt
1745076,dress
1755186,gown
2677196,jacket
1327789,dress
1795593,maxi
1210991,dress
2025428,skirt
2483440,top
1841448,dress
2207424,sweater
1538250,dress
1009409,dress
2318793,top
446156,dress
2670461,jacket
242661,gown
399935,shirtdress
1723794,gown
1963564,dress
1829992,dress
2936293,top
2028346,sweater
2758287,blouse
190529,dress
598696,dress
1624452,gown
1276025,dress
2508510,jacket
1934641,dress
1333316,dress
2674810,tunic
1375928,dress
2125981,leggings
743728,dress
1439155,dress
1962680,dress
1009245,dress
2872180,jacket
1918309,dress
2738737,jacket
2548337,top
247599,shift
523845,gown
714449,sheath
212624,dress
1707266,dress
2476569,blazer
996851,shirtdress
387281,dress
1084504,sheath
1030312,sheath
944512,sheath
1918815,sheath
1903665,gown
2263480,top
1547178,sheath
2569151,top
920132,dress
693222,sheath
965325,dress
358673,dress
1126241,gown
2903392,cape
1543199,dress
645661,gown
2430661,top
2768056,cape
2060880,top
2440064,jumpsuit
541133,gown
1268357,dress
342311,dress
2256148,pants
334203,maxi
2874536,tank
1244000,dress
1902682,dress
1610980,midi
994626,dress
375444,gown
1904669,dress
600102,dress
1348294,sheath
1041657,dress
2117415,coat
2738264,top
1905844,sheath
240913,dress
2898980,sweater
574909,dress
1621980,dress
2071821,jacket
352365,dress
1821110,dress
2936514,top
2599464,romper
1520010,gown
2549740,culottes
354557,gown
815527,dress
1314701,sheath
1502343,dress
2735546,hoodie
2156686,blouse
276056,dress
2156034,top
1453730,sheath
381444,dress
2455273,sweater
1839031,dress
2222459,top
1491185,dress
2941443,blouse
1400094,dress
711389,dress
1022354,dress
2610728,pullover
824318,dress
2952142,blazer
1467111,dress
1011971,dress
2511676,jacket
1827823,dress
2642307,top
2583485,jacket
2359988,culottes
1552178,dress
2281848,jacket
659088,dress
2959486,top
1557847,dress
852009,sheath
1270958,gown
456514,dress
680249,dress
2298895,tank
1808901,sheath
2134749,top
2787694,vest
411221,gown
1155299,dress
1872036,gown
1496340,gown
799723,dress
1224461,dress
744180,dress
1007691,dress
1543845,dress
178753,sheath
1384407,dress
2728150,top
530513,dress
1529500,dress
1605090,dress
364172,dress
1030910,gown
759314,shift
2326124,top
1828664,dress
546688,dress
366475,maxi
289886,dress
1671818,sheath
2453339,top
2165820,sweatshirt
1501053,gown
1504304,dress
719650,dress
315240,maxi
350461,dress
2583625,jumpsuit
305049,dress
322704,sheath
1565031,dress
1694554,gown
2216575,skirt
805999,dress
748419,dress
1442452,sheath
1172239,sheath
2486388,top
548667,dress
1308832,dress
1649107,dress
1028170,dress
2953707,pants
1491622,gown
1121351,dress
815826,dress
1994978,dress
756020,gown
2452616,jacket
2022567,shirt
565571,dress
835781,sheath
2201631,jumpsuit
2173369,top
992623,dress
235441,dress
2475963,vest
784810,dress
1177997,gown
1095695,gown
1486197,gown
245795,dress
2185289,sweatshirt
2834619,jacket
324607,dress
489770,dress
581590,dress
2784980,jacket
663524,dress
1951168,dress
925104,dress
1582487,dress
1351301,shift
577057,sheath
2669516,coat
505772,sheath
1805185,dress
1953967,dress
1700586,dress
2828385,blazer
2361420,sweater
2334566,jumpsuit
1518052,gown
883838,dress
1134208,sheath
501426,dress
901186,dress
718654,sheath
1970694,dress
1494097,dress
658014,dress
701655,dress
1505709,dress
1294852,dress
2288137,top
1734206,dress
1002298,dress
943349,dress
2503184,jacket
1599225,shift
689517,dress
1631851,gown
1329015,dress
1287535,gown
2239596,romper
1761515,dress
2482633,top
2851363,bomber
2314460,jumpsuit
2105217,jacket
2144424,cardigan
287235,dress
2698644,romper
1196239,dress
2089809,top
1320203,shift
1139254,dress
2333126,pants
2082667,top
2363105,top
792780,sheath
269950,dress
1037420,dress
1721766,dress
2673488,skirt
2446725,jacket
647288,gown
2305964,culottes
2110410,top
1652667,dress
2348346,romper
1692354,dress
2016734,top
427500,dress
1907323,sheath
1243645,dress
1229092,gown
1993236,sheath
2126992,turtleneck
1536497,dress
529055,dress
1221372,dress
931157,dress
2289206,bomber
932668,shirtdress
2505803,jumpsuit
2603909,sweater
1821433,dress
667268,dress
1157136,dress
2578790,jacket
2756938,down
1278888,gown
1641889,dress
2659134,leggings
1020585,dress
872442,sheath
2814609,t-shirt
690873,shift
157448,sheath
1387904,dress
992520,gown
1165567,dress
1370848,dress
1328011,sheath
1504330,dress
2179834,sweater
1937078,dress
1531631,gown
2120468,jacket
1274294,dress
1164793,dress
1899687,dress
758413,dress
1413981,dress
1542251,dress
1922553,dress
2723278,blouse
2258289,jumpsuit
1071711,dress
1341504,dress
241019,dress
1733365,dress
1856513,sheath
1421674,gown
147020,dress
1445376,dress
1126054,dress
740322,dress
2539585,jacket
1524171,dress
829667,dress
2926339,pants
1058949,dress
2360471,jumpsuit
1854583,dress
639937,dress
2005822,culottes
2445683,coat
517802,dress
475271,dress
1450450,dress
1486261,maxi
1141778,dress
421235,dress
219319,shift
671958,maxi
1790121,gown
1955887,dress
1317673,dress
2743996,cardigan
746029,dress
794657,dress
928978,dress
2935879,jacket
1548554,dress
2490518,skirt
2909739,top
2748578,pants
1420024,caftan
2622193,pants
1381957,dress
1338469,dress
363702,dress
1708628,dress
2312066,coat
1062322,dress
1915220,dress
279547,shift
584806,dress
2259753,top
1038233,sheath
2313466,sweater
200269,dress
453545,dress
474665,shirtdress
2645343,jacket
1873222,dress
1380305,sheath
2490203,skirt
644208,dress
1538863,dress
1686764,gown
2437618,pants
1470980,shift
2586147,coat
2504168,top
2472673,jacket
2792489,jacket
1730589,gown
556794,midi
2445656,jumpsuit
1558529,dress
2377735,culottes
2145129,top
1196605,gown
2397911,legging
588349,dress
1953205,gown
223146,dress
1693454,dress
487852,dress
1139708,dress
1382903,dress
2947498,skirt
2279989,skirt
918397,dress
613771,dress
1462873,dress
1251383,dress
1747742,gown
1534103,dress
343137,dress
824029,dress
2141914,pants
2671529,pant
2632939,romper
2966087,pants
529528,dress
231466,midi
1859977,shirtdress
1189511,dress
827522,dress
2292972,turtleneck
1203092,dress
1965742,sheath
841543,dress
535857,dress
1651708,dress
2184285,leggings
924469,gown
528243,dress
548685,dress
651557,dress
744451,maxi
1582755,gown
218762,dress
2303128,sweater
581032,dress
2071468,cardigan
2828118,jacket
1001857,dress
1857721,dress
2863116,top
2417217,jacket
1791784,sheath
1098399,dress
317759,gown
1733765,dress
2828426,jacket
427568,shift
1592185,dress
1173459,dress
820211,dress
1832896,sheath
1001783,dress
805122,gown
1990624,dress
1026404,dress
2517843,jumpsuit
405258,dress
340567,dress
1473684,dress
2320553,pants
2888816,jacket
891726,gown
386662,dress
377662,dress
2435040,sweater
371714,dress
583572,dress
857115,dress
1332029,dress
2524821,jacket
2144231,jumpsuit
760794,gown
247465,dress
2325393,skirt
2575124,top
2820992,blouse
927817,gown
1878047,dress
918827,gown
951095,dress
2544575,top
1809964,gown
960906,gown
566753,midi
2228408,romper
1784519,dress
707767,dress
2877562,gown
2962646,top
1601320,dress
388461,dress
1385426,dress
2619062,romper
2292484,top
2588782,top
1877253,dress
1763704,dress
1043198,gown
441224,dress
2205897,top
1258746,dress
1750612,dress
1996076,gown
206849,dress
2890957,jacket
2766308,cardigan
1269027,dress
673166,gown
877479,dress
2562575,top
2836589,top
676280,dress
447893,dress
1047613,maxi
2598762,sweater
2639042,top
2443419,shirt
2816095,jumpsuit
1844844,gown
910169,dress
2034791,sweatshirt
2134815,coat
2153251,top
1315221,dress
1063294,dress
566327,gown
1629567,sheath
2285240,jacket
1237908,dress
1999684,top
288700,dress
2572171,top
2825407,romper
282220,dress
2247120,skirt
276259,dress
678415,sheath
977381,dress
277366,dress
2242715,top
781628,gown
1779165,dress
1222019,dress
2249133,top
1485317,dress
1327434,sheath
1717057,dress
2034407,jumpsuit
405646,dress
1931380,dress
1883172,dress
2113614,culottes
2827079,romper
2230057,jumpsuit
804272,sheath
2867662,vest
1930948,dress
794456,sheath
662537,dress
2322793,pant
2066274,skirt
2595236,jacket
1782817,dress
816840,gown
1910191,dress
1322053,dress
739541,shirtdress
434013,dress
2150289,top
2768637,top
2509573,pants
2294962,coat
2875297,jumpsuit
358479,dress
1618726,dress
490588,dress
189303,sheath
493510,sheath
1528876,dress
2844327,top
2074214,jacket
2709694,sweatshirt
1081548,dress
2061736,skirt
1852099,dress
2012840,jumpsuit
271624,dress
1090011,maxi
2403303,top
1624345,dress
1644191,dress
1001785,dress
1083638,sheath
541999,gown
2088124,blazer
2277208,coat
2129553,skirt
1874176,dress
779946,dress
640839,dress
264441,dress
1124893,gown
536347,dress
812813,dress
2541115,top
551782,dress
901631,dress
1193716,dress
658706,dress
1798888,dress
2332476,skirt
1425607,dress
1128722,dress
712843,gown
2919188,shirt
873299,dress
2475039,top
2922418,top
2475653,skirt
1654234,dress
493293,dress
437449,gown
2132117,top
1522670,dress
343444,dress
2431539,top
1045956,sheath
2239187,sweatshirt
2509670,skirt
540342,dress
952643,dress
2294030,vest
930279,dress
461413,sheath
964922,dress
1699509,dress
1774617,sheath
819940,dress
2561746,pants
920294,dress
2116942,top
2461058,jumpsuit
1767713,dress
814901,dress
2854617,blouse
1702813,dress
416010,dress
1161038,gown
1054067,gown
1408529,gown
1199931,dress
1757760,dress
2377849,top
2189721,down
1914359,dress
1720525,dress
2486649,blouse
1894232,dress
2957351,sweater
2917165,jacket
810197,dress
1037743,dress
2308408,sweater
871903,dress
2223379,top
2316070,jumpsuit
216159,dress
1550998,sheath
2407112,sweatshirt
687702,dress
1447358,dress
1578743,shirtdress
1754732,dress
2550895,top
2048890,jumpsuit
1118202,dress
530550,dress
2238169,top
1233596,gown
2070743,jacket
2282065,top
1091246,dress
1768706,gown
2740079,blouse
2188094,blouse
2452390,jacket
1663646,dress
2559060,top
2563106,top
2667258,shirt
798217,dress
2521411,jacket
832705,sheath
1044722,gown
783215,dress
291676,dress
2040862,tight
1290861,dress
2022354,jumpsuit
2265047,top
1101822,dress
1974220,gown
1928244,dress
1786174,dress
1197228,gown
1723228,dress
818635,dress
2198972,jacket
1505652,maxi
2502406,coat
2198677,coat
341976,dress
2965924,jacket
2534425,top
272842,dress
2041383,pants
2838728,top
277270,dress
339992,dress
2744929,jacket
2145536,top
2371770,sweater
2047325,sweater
2233916,jumpsuit
455720,dress
878388,dress
2677535,jacket
1617260,gown
2297801,top
1840180,dress
2624292,culottes
2692985,down
2286272,pants
750697,dress
2688785,jumpsuit
2291737,jumpsuit
2374314,blouse
2705569,blouse
1414597,dress
274182,gown
2295738,top
471376,sheath
1706964,gown
252891,sheath
221823,dress
226529,gown
940419,dress
207710,shift
481569,dress
2159181,cape
2450451,top
1886437,gown
1563099,dress
1071121,dress
2597516,jumpsuit
231716,dress
1855913,dress
2608964,top
1672802,sheath
1556013,dress
1065732,gown
1979533,dress
485462,gown
563117,dress
1202983,dress
1711224,dress
1710208,dress
2764488,top
775879,dress
1120148,dress
1933787,dress
2384887,sweater
550229,dress
2805306,sweater
818210,dress
509695,dress
1503862,dress
1945610,dress
2265088,blouse
1965279,dress
2668131,jumpsuit
1219000,sheath
1675253,dress
1952073,dress
1279221,dress
475151,dress
1233020,dress
971268,dress
1193322,dress
1764918,dress
972048,dress
2781112,top
1192948,dress
1353371,maxi
1585618,dress
894000,gown
2779933,top
2311419,jacket
1285191,dress
1673120,dress
935771,dress
2175805,pants
1652750,dress
577053,dress
240049,dress
2379432,jacket
254238,dress
2094264,cardigan
2370109,jacket
2919357,jacket
1950621,maxi
2440914,top
2873927,top
1609517,dress
1513308,dress
2240411,coat
515521,dress
610956,gown
1484638,dress
2436969,sweater
628722,dress
1156321,dress
673731,sheath
288924,dress
2241310,coat
680636,dress
1760147,dress
1323121,gown
1989763,sheath
2274956,shirt
2127864,top
439740,gown
1321174,dress
500622,sheath
2296481,jumpsuit
2612706,jumpsuit
1322538,gown
465080,dress
1489325,dress
704861,dress
2357523,jacket
1194697,dress
2018456,romper
1685480,maxi
2232451,top
2306056,jacket
2665504,skirt
899950,dress
2864831,tunic
2118799,top
1635675,dress
695796,gown
2574712,skirt
2152924,down
870021,gown
1226974,dress
1438673,shift
2003299,coat
1982031,dress
1959063,dress
2039249,sweater
1274400,dress
492649,dress
1300775,dress
2940176,skirt
2693376,down
2881601,jacket
1006590,dress
2135637,blazer
1380504,gown
2654931,top
2049439,romper
2048018,trouser
1648475,dress
758020,gown
641806,dress
2811924,top
1817701,dress
2919441,skirt
471560,dress
1061029,dress
2201296,top
2837461,romper
2134149,top
1755587,gown
2460620,top
1981558,dress
1832209,dress
2443818,top
2458366,blouse
1206618,dress
2194625,skirt
832175,maxi
2924430,jacket
1195998,gown
1398523,dress
1120159,dress
2343376,sweater
747846,dress
1455272,dress
2249807,top
636233,dress
820942,sheath
708549,shift
862815,shift
621706,gown
476730,maxi
1297588,dress
2429104,blazer
1139365,dress
2693787,skirt
2214433,top
2644369,top
2136250,vest
1972825,gown
2412589,kimono
1690461,gown
2485832,coat
1998748,blouse
922038,dress
1066244,dress
2043102,top
1854170,dress
1197985,dress
560251,sheath
2086426,sweater
2578545,pants
1557820,gown
2738558,top
970500,dress
2029039,cardigan
2047735,top
1124509,dress
2835159,jumpsuit
2832093,pants
2381464,jacket
2866665,jacket
2939236,pants
1050289,dress
1007290,shift
1258330,dress
2390187,bomber
1568020,dress
2635003,top
2884089,pants
710834,shift
382531,dress
423908,gown
2017343,jumpsuit
379201,gown
1522107,dress
2054031,jacket
1245038,dress
2850676,jacket
2235312,jumpsuit
2858756,top
2193444,sweatshirt
1042783,gown
789011,dress
1277141,dress
2637703,romper
1982685,dress
1670486,dress
387449,dress
1315960,dress
2861889,jumpsuit
1181529,dress
907548,dress
2871253,jumpsuit
2630407,skirt
995232,dress
235073,dress
2892981,sweater
1343019,dress
1431264,sheath
1115567,gown
1477695,gown
855939,gown
2415424,jacket
1263144,dress
418998,gown
2801353,top
2066755,sweater
443517,dress
2385914,sweater
764165,dress
1321818,gown
2380117,top
2327117,top
2926997,top
1370008,gown
1723747,gown
2297075,coat
2737885,sweater
2725433,down
1735083,dress
387732,dress
1411562,dress
2301588,top
2754223,blouse
2372553,sweater
1088956,dress
2909456,sweater
1522010,dress
1222906,dress
2613946,top
1913424,dress
1307048,dress
2168764,jumpsuit
632046,dress
495224,gown
2625924,jumpsuit
2322467,blouse
1590962,sheath
1096145,shift
594135,shift
2180197,jumpsuit
1853548,dress
473854,dress
1047479,dress
1532718,dress
411069,dress
2607683,down
1181917,dress
398986,dress
233468,maxi
1594020,dress
1191969,dress
2049728,top
1776252,dress
2369804,jacket
912865,dress
2253252,skirt
363275,dress
2820076,pants
636562,maxi
609487,dress
2346359,jumpsuit
2438408,jacket
2424875,jumpsuit
1473668,gown
2819724,sweater
955742,dress
2892101,pants
1876426,dress
1833819,gown
806919,gown
2921183,top
507888,dress
787799,dress
1229153,sheath
2366573,top
2036336,down
1624526,gown
2203965,pullover
1449758,gown
1402140,dress
1147534,dress
1842150,sheath
844580,dress
1935762,dress
1952854,dress
949187,gown
773497,dress
2539211,pants
413010,dress
2423934,peacoat
603664,dress
2365898,bomber
2076178,top
1320601,dress
2075572,coat
2470762,top
337074,dress
1220287,dress
2853437,romper
2522622,jumpsuit
1574548,dress
975243,dress
2260645,shirt
1724259,dress
2449780,sweater
657712,gown
912462,dress
389336,sheath
2932879,top
1554531,dress
425423,gown
1497029,dress
527045,dress
1381917,dress
2039930,top
2041199,top
597613,dress
1935592,dress
2724667,sweater
2469131,sweater
2682244,blazer
2686402,top
1431355,dress
1705581,dress
534813,dress
2427525,jacket
1299555,dress
1319424,dress
2686936,coat
2788643,jumpsuit
2288337,top
1266469,gown
1595939,dress
2224658,jacket
382292,dress
595269,gown
2440416,sweater
228171,gown
2176597,coat
2789951,vest
234372,sheath
1887590,gown
2789528,jumpsuit
2656632,legging
2413111,skirt
826125,dress
2197725,top
1214361,gown
1128155,dress
1508337,dress
1586512,gown
2306959,pants
1784108,dress
2650253,jumpsuit
2813716,sweater
372214,dress
685700,dress
2042197,skirt
2093460,jacket
1237090,dress
2283645,top
1244364,dress
1681289,gown
1658741,gown
2453864,skirt
2582233,top
2279234,top
1533166,dress
2023012,sweater
2812012,coat
2648358,jacket
2175054,top
2535883,top
2294797,top
2355751,sweater
1581452,dress
2329297,pants
2167312,top
2166320,jacket
2193759,jumpsuit
2639685,skirt
2464257,top
1627866,dress
399913,dress
607670,dress
1078038,dress
1544791,dress
211146,dress
1843027,dress
1974837,dress
1498534,gown
2433401,sweater
2334268,top
1408354,gown
2193611,top
2174236,jacket
2829930,coat
2420901,top
734704,dress
1401470,dress
2506903,jumpsuit
394777,dress
1300112,dress
2612126,top
2727275,bomber
2143536,sweater
2066803,top
2299144,cardigan
2170597,top
2377335,romper
1713457,dress
2068650,top
2007230,top
2902322,shirt
1537102,sheath
435980,dress
1818869,gown
885333,dress
2013288,sweater
1083523,dress
2732591,top
2174400,sweater
2890525,blouse
2818477,sweater
221704,dress
2587162,sweatshirt
2879092,shirt
950224,dress
2440850,cami
1527117,dress
1813344,dress
1196314,dress
2420099,jacket
1740231,dress
2650888,skirt
2579463,top
2007354,sweater
327817,dress
2582826,top
776147,dress
355463,gown
2208245,jacket
2290159,skirt
1653378,dress
1373610,dress
2548996,jumpsuit
2385167,coat
875667,dress
569832,dress
2065252,cardigan
2883921,jumpsuit
1975821,sheath
2048938,top
271428,dress
821100,dress
2649640,romper
2676460,top
2927506,top
747241,gown
2133716,top
1935285,dress
753871,dress
2432860,top
2963601,sweater
2466737,sweater
459290,dress
1973331,dress
2360603,peacoat
1857455,dress
774379,dress
2703233,sweater
2328586,top
814717,gown
1496586,dress
2841727,top
1575533,dress
402211,dress
1103980,gown
1387348,dress
2500446,jacket
2597967,top
2080019,top
550800,dress
2261101,cardigan
1601603,dress
2115784,cape
2907297,coat
2131297,sweater
1604989,dress
2767494,hoodie
2831689,jacket
1789714,dress
2909999,top
1182869,shirtdress
2564492,top
468951,gown
2310753,jumpsuit
2587651,blazer
1727972,dress
2341911,top
2739465,jacket
2520148,blouse
1634527,dress
1767052,dress
1794834,dress
1004015,gown
2635028,jumpsuit
1826926,dress
2540169,skirt
2798207,jacket
1768421,dress
1204662,dress
2397764,top
2286628,top
1115837,gown
2179263,vest
2823710,top
2353185,top
884056,dress
2602273,romper
1234209,dress
2088432,top
2187141,blazer
735675,dress
1317878,dress
585608,dress
1353354,dress
2850564,jacket
2097490,jumpsuit
1684459,dress
2601354,blazer
2584153,jacket
717182,dress
2447586,down
1276001,sheath
2506779,bomber
2169581,top
2791213,jumpsuit
634306,dress
1405562,dress
2763524,top
766630,gown
2423389,top
1771893,dress
2522228,jacket
1777669,dress
1027436,dress
2551780,trouser
1032121,gown
675335,dress
2924995,jacket
2270513,for
2865104,top
2572543,sweater
1811245,sheath
2121216,sweater
1152774,dress
461503,dress
2585116,poncho
268250,dress
260887,dress
2715221,crewneck
290919,dress
1454374,dress
249458,dress
1665666,maxi
2279954,jumpsuit
938057,dress
1342972,sheath
2107118,jacket
896330,dress
237589,dress
2350843,top
916347,dress
2082039,cardigan
516963,sheath
749329,dress
2860996,sweater
2871469,jacket
1434569,dress
2911912,top
1352528,sheath
2448990,top
1304876,dress
1856961,gown
486350,gown
1063822,gown
579464,gown
1736145,dress
795781,shift
1190171,dress
204824,dress
2652637,sweater
1960387,gown
2036807,top
2759778,sweatshirt
2454338,jacket
2284633,top
1410022,dress
1143588,sheath
2496221,top
2887761,jumpsuit
2300991,skirts
2965009,coat
2803807,jacket
1540425,dress
2719094,jacket
1243365,dress
697418,sheath
570478,sheath
715164,gown
1970298,dress
853894,dress
2143679,jumpsuit
2043935,top
2945301,top
2234578,top
2614309,bomber
2908293,top
2379195,jacket
1633754,dress
824925,dress
646952,dress
1699007,gown
2526611,skirt
648758,dress
1680076,dress
2171671,top
2958657,top
994031,dress
2204233,top
2448232,sweater
1293730,dress
2618083,pants
2570553,coat
1214779,dress
2481749,sweater
1849707,dress
800996,gown
2842317,coat
1898573,dress
668229,dress
2495930,coat
425588,gown
2128766,top
1531410,dress
1632303,dress
2726960,skirt
860350,dress
244379,sheath
1835307,gown
2766518,pant
1728908,dress
2665954,blouse
262756,shift
2550438,jacket
251296,dress
2004696,parka
2711691,top
1824914,dress
1305217,dress
2583946,blazer
1101413,dress
2332222,jacket
361145,dress
2290809,jacket
2906332,coat
484096,dress
2290397,jumpsuit
2402529,top
2102076,top
911758,dress
2656152,jacket
2752514,top
740418,dress
1440450,dress
2563646,top
1407851,gown
1202098,dress
1150317,dress
2033787,sweatshirt
390461,shift
2604602,sweater
975506,gown
1366460,sheath
1258461,gown
2331652,romper
2605640,down
1282851,dress
1399020,dress
2535427,jacket
1039616,sheath
2560917,jacket
793525,dress
1449671,shirtdress
2113404,jacket
2566975,top
2498786,sweater
2275436,skirt
2444431,top
2801811,top
2856766,jacket
895338,midi
1867069,dress
502489,dress
1296975,dress
2631147,jacket
213422,dress
2835178,sweater
1095183,gown
2883006,jacket
2460689,bomber
709987,dress
2024903,coat
2627964,jumpsuit
1758131,dress
2691997,jumpsuit
1207541,gown
879997,gown
436710,dress
2113495,pullover
1694180,dress
2591734,coat
2254449,sweatshirt
1407374,gown
1552616,dress
2293670,top
1298171,dress
1924290,dress
2519479,sweater
1919823,dress
438881,gown
321100,blouson
1403766,sheath
2909842,shirt
2786590,jacket
2041194,coat
2555342,pullover
2355629,sweater
481258,dress
347112,dress
2116359,top
2235993,skirt
2396986,coat
2414102,top
1960337,gown
941248,dress
2683802,pants
2215258,top
2309132,tank
1587289,gown
1129763,dress
2861835,romper
401266,dress
949729,maxi
846699,dress
2373157,top
1430716,dress
2001228,top
2925561,jacket
2731288,coat
1669291,dress
2685564,blouse
2885984,top
2693392,coat
1847822,dress
2634483,jumpsuit
1184628,dress
2865755,top
1561294,dress
2185654,sweater
1452674,dress
542595,dress
2216229,sweater
912603,gown
670389,dress
2113128,coat
2564045,top
2060009,jumpsuit
459335,gown
2528640,pants
2405283,sweater
1135613,dress
2187458,jacket
1044908,dress
828903,dress
438188,gown
1971894,dress
769754,gown
899416,dress
2188431,top
2594437,pants
1912383,dress
2451076,jumpsuit
2724124,skirt
353211,dress
564650,dress
2090448,top
2922538,blazer
2664484,romper
739233,dress
568059,dress
558784,dress
1684589,gown
1657779,dress
2774999,top
201534,gown
302757,gown
2473429,sweater
1568818,dress
248116,dress
2921010,coat
2327768,coat
2797877,top
853235,dress
2272458,poncho
1332388,dress
1792993,maxi
579746,dress
720677,dress
518748,dress
2840132,coat
1061890,sheath
2081161,skirt
2304087,skirt
637032,dress
570147,dress
2959777,coat
1012832,gown
2335407,jumpsuit
2837350,top
2683223,coat
214082,dress
265428,dress
701286,dress
1079695,gown
2886958,jacket
832070,dress
239232,maxi
1736728,dress
2199715,coat
1391477,dress
2493982,down
1347799,dress
1838755,dress
1743343,dress
2941989,jacket
1211296,dress
1090944,dress
379885,dress
2640381,top
1540786,sheath
2761821,coat
1440265,gown
1008472,dress
2834294,culottes
2808472,pants
1419447,shift
437435,dress
2852932,sweater
378274,gown
810358,dress
1911384,dress
2672907,jacket
2010548,sweatshirt
2265354,sweater
2644916,top
1751606,shift
2048756,jacket
922753,dress
379018,dress
382702,gown
2592307,jacket
2621527,cardigan
1162261,dress
1337235,dress
1524526,shirtdress
2276741,jumpsuit
1683211,gown
2777056,vest
1126983,gown
752471,dress
2672183,top
2324647,top
1081213,dress
2909134,vest
2604112,top
811614,dress
2287847,top
2091409,top
1958416,dress
1085416,dress
2681799,shirt
669519,dress
1696078,dress
237896,dress
2172493,blouse
2846988,down
567453,shift
2719014,jacket
2272046,vest
798972,dress
2952725,sweatshirt
2001712,trouser
707158,gown
496759,gown
2598896,top
762508,dress
1323914,dress
1125021,dress
1121769,dress
1287125,dress
2271345,top
2160645,top
463770,dress
1301573,shirtdress
2724643,skirt
1476974,dress
2383976,top
1125699,gown
2168553,top
2666666,top
1087594,dress
2849197,buttondown
2157942,top
2661735,skirt
2115021,jacket
2637067,blouse
851120,shift
1434600,dress
2100530,cami
1823394,dress
771815,sheath
1933100,dress
302043,dress
2647959,top
1938670,dress
2127264,cardigan
1589010,dress
1753147,dress
1277646,gown
2772670,skirt
779107,dress
2180111,sweater
2448969,coat
1140255,gown
563817,gown
2344459,coat
2843071,skirt
2337484,skirt
1357639,dress
2824444,top
2115577,bomber
675264,gown
2928750,sweater
2922507,top
482993,dress
2152395,sweater
1245571,dress
1423674,dress
483202,dress
2300714,skirt
2205544,top
2225639,top
2278433,cape
385214,dress
2479556,down
2626858,coat
610935,gown
353973,sheath
1597651,dress
1569734,dress
2243662,top
1266411,gown
1303253,dress
904251,gown
277251,dress
330893,dress
2708138,pullover
1602973,dress
997751,dress
2111812,jumpsuit
2464448,sweater
2415018,jumpsuit
1028441,dress
1182386,dress
1395315,sheath
2523521,jacket
1400746,maxi
1444603,dress
521966,dress
2033003,sweater
2391077,top
2162345,sweater
1371685,dress
2854429,top
1778815,dress
2009786,romper
724917,dress
2420068,blouse
2070461,jacket
2357947,blouse
1051985,dress
2004607,jacket
280443,dress
2964470,top
1344283,gown
2110905,sweatshirt
1600223,dress
1562164,dress
202172,dress
2555454,cardigan
2163810,romper
2782788,jumpsuit
2843850,sweater
2730226,jumpsuit
2137252,sweater
1095884,dress
2553766,poncho
2424870,sweater
1778170,dress
1270050,dress
321862,dress
625911,dress
519571,dress
2946194,top
606223,gown
2822403,jumpsuit
2485099,coat
2363816,romper
2714274,jacket
2428645,romper
2697691,leggings
2465789,coat
599709,gown
1374373,dress
2092189,skirt
981993,dress
2208186,blouse
2745542,pant
415231,dress
2295819,skirt
2219717,knit
1436844,dress
1029668,dress
1404585,dress
2538397,cardigan
1322256,dress
1754062,dress
2285376,coat
1562007,dress
660952,dress
413341,gown
842895,dress
1304627,sheath
1643618,gown
1715404,dress
745303,dress
2037685,skort
2359162,blazer
1059841,dress
964352,dress
2662296,sweater
1303077,dress
196197,mini
220435,dress
1556661,dress
1549847,dress
1287055,dress
2180950,jacket
2658092,knit
704588,gown
744993,sheath
2349159,coat
2536616,sweater
366554,dress
1661123,dress
2208540,top
892222,sheath
890743,dress
2954754,top
462293,gown
2204947,top
432116,dress
2290630,skirt
1701183,dress
2197012,sweatershirt
2857554,jacket
2790441,top
393691,dress
768402,gown
893017,gown
991459,dress
2668895,jacket
2774410,top
2619404,parka
1466391,dress
270563,dress
846583,dress
2191469,top
2347853,top
2894542,jumpsuit
613031,dress
1100140,dress
1464345,dress
1471829,dress
247543,dress
2548391,shirt
2668216,top
2301668,shirt
2090210,top
303292,dress
1467187,gown
320279,dress
2526108,top
2344108,top
2347929,top
925030,dress
237957,sheath
1722575,dress
221326,gown
623373,gown
777465,dress
294537,dress
2240446,sweater
1802453,dress
2019188,top
353027,dress
2850190,parka
2963344,jacket
2108705,sweater
1758655,dress
2657161,jacket
1393891,dress
1303068,dress
1166222,dress
215329,dress
1926168,sheath
2545054,top
217917,dress
774987,dress
2225950,skirt
1209067,dress
1639463,dress
2908287,parka
679098,dress
2132777,coat
2747082,top
1997699,top
1003622,dress
322469,dress
1457605,dress
2582240,top
2504058,vest
1102551,dress
2357352,jacket
2046641,pants
1780160,dress
622041,dress
2815607,sweater
2960940,top
1447394,dress
2524165,jacket
2379658,jacket
2298403,top
2142961,coat
2342266,skirt
2757736,tunic
2777765,top
1966301,dress
1885460,dress
2101354,top
654662,sheath
2040702,turtleneck
2086116,coat
1358356,dress
2112375,jumpsuit
2124631,trousers
2246892,sweater
1441199,shirtdress
1029963,dress
2471570,shirt
827986,dress
2536470,jacket
805353,dress
582799,dress
2442752,top
2633784,cardigan
1211263,dress
220185,dress
648298,gown
965001,sheath
1077340,dress
1927068,shift
2480376,jacket
2796032,vest
2189411,blazer
2044604,sweatshirt
2679540,jacket
534890,dress
1082745,dress
751120,dress
2024355,skirt
2533323,top
2661203,top
2715916,jacket
448821,sheath
1059760,dress
826495,gown
2703088,blouse
1592766,dress
2717454,pants
2569978,jacket
2765628,coat
602418,dress
1254028,dress
2615236,cardigan
267521,gown
2104374,sweater
959475,dress
2333166,sweater
2489833,jacket
2148058,jacket
2637649,sweater
2956720,jacket
2193467,blouse
1070445,sheath
1235577,sheath
1532310,dress
1657209,dress
1600051,dress
1594514,dress
665175,sheath
412224,dress
470444,gown
522330,dress
2120351,jacket
2803401,blouse
2277900,sweater
1540114,dress
2889131,top
2958416,top
1067268,dress
2600623,top
2073279,coat
236205,dress
1811845,dress
2162634,top
2032077,bomber
2544765,sweater
2391844,top
2933855,skirt
2314506,jumpsuit
210180,dress
1169621,dress
2121258,sweatshirt
2241963,top
400546,dress
1432831,dress
2887021,pant
600482,dress
2394408,shirt
2040308,top
2665050,blouse
612332,dress
2558678,top
2910961,romper
668177,sheath
2950886,blazer
1070728,dress
1039951,dress
2571763,top
2625439,jacket
2391860,top
2689743,pullover
1921152,dress
2557151,jacket
1868145,dress
2117653,blouse
385798,dress
2000583,jumpsuit
2488734,bomber
830636,dress
1105210,sheath
2613877,vest
993317,dress
2893615,skirt
1246144,dress
1753090,dress
790385,shift
1162640,dress
814851,dress
874239,dress
2010519,top
1505457,dress
2499759,jumpsuit
2889585,blouse
206510,dress
2961855,sweater
612956,dress
2304266,pants
2388385,pant
1476552,dress
599434,dress
841044,dress
2284954,top
2149337,jumpsuit
2717153,top
2238930,top
2603249,cardigan
1395875,dress
2598866,coat
297978,dress
2178405,romper
2733645,coat
2714132,peacoat
2557984,top
367908,dress
239986,dress
2914063,top
2802690,skirt
2501372,top
2246490,top
2807871,jacket
224069,dress
2870551,jacket
1377551,dress
355881,gown
2475133,skirt
1457018,dress
275231,dress
1422667,dress
2420222,sweater
2829737,blouse
630296,dress
2083596,top
1515004,dress
2740032,jacket
2451150,sweater
2819232,cape
2652411,sweater
593752,dress
2505322,sweater
2380793,top
2416382,jumpsuit
2182095,duster
405197,dress
464158,dress
1290146,dress
2576063,top
2597112,sweater
1475101,gown
2949219,sweater
2367436,coat
2918861,blazer
2117425,blouse
2643283,top
688581,dress
2845279,coat
328677,dress
2487289,sweatshirt
1263613,dress
2237227,sweater
1823130,dress
976264,sheath
2911015,jumpsuit
1171728,sheath
1537830,dress
1178371,dress
2750083,bomber
1612553,gown
1534181,dress
2329558,pants
2027882,sweater
2181896,sweater
1249961,dress
211662,dress
2912925,sweatshirt
2588581,blouse
2314085,blouse
229056,gown
2629462,jacket
2534110,jacket
884330,dress
248794,maxi
2935889,sweater
2057531,coat
2886456,sweatshirt
1054232,dress
896665,dress
1588152,dress
2761274,jacket
908394,dress
1683649,gown
2507748,romper
1123165,dress
1998313,jacket
2386906,top
2615262,bomber
477470,sheath
2706963,jacket
2067504,sweater
2018882,top
2802595,down
2259054,coat
1218035,gown
2224766,skirt
2737172,top
2659831,top
1905333,dress
2726376,top
1578030,dress
2682289,tank
484814,dress
1040565,dress
2415876,jacket
2106253,jacket
2285348,coat
1682009,dress
427227,gown
717958,dress
2843943,sweatshirt
2053422,cardigan
1720857,dress
2196262,shirt
2471225,sweater
2937953,skirt
410085,dress
684755,dress
1825667,dress
2562266,top
2678812,coat
2782228,skirt
2616173,sweatshirt
2948344,vest
1303617,gown
1765828,shift
1287876,gown
2437099,top
2506884,coat
1344951,gown
2721516,top
610656,gown
1789149,sheath
1507833,dress
2387381,coat
2282414,skirt
2696136,jumpsuit
915043,dress
2150654,sweater
2375743,jumpsuit
261938,gown
810711,dress
849722,dress
2874354,skirt
2446306,jacket
225221,gown
2614812,jacket
1007343,dress
1996785,top
238164,sheath
483742,dress
2005193,parka
2947228,jacket
2643725,top
1647922,gown
2003146,sweater
2944083,top
821778,sheath
2706431,top
1194719,dress
2075081,shirt
2682368,top
1018333,dress
849804,dress
2159129,jeans
2383295,trouser
659182,dress
230083,dress
505330,dress
449823,dress
2691465,kimono
894856,dress
496177,dress
2187037,top
1816053,dress
512312,maxi
2516970,sweater
2093266,sweater
2103443,vest
2461938,jacket
2955092,jumpsuit
2800959,top
1942939,dress
2539720,coat
1038793,dress
1127888,dress
1559518,dress
2951658,top
2895264,jacket
2845828,skirt
1690894,dress
2863863,jacket
1069416,dress
2547126,top
1891015,dress
2718387,coat
2912410,jacket
953424,dress
2056551,jacket
203040,dress
2953965,coat
2312662,jacket
2603758,sweater
1577074,dress
2021539,top
1887219,dress
2925357,bomber
2887241,jacket
1421726,dress
2462555,shirt
1042558,dress
2861755,pants
2109550,jacket
513234,dress
2182752,top
2526819,sweater
1236285,dress
881837,dress
1175875,sheath
872676,dress
2938609,top
2515750,top
2649155,top
748353,dress
2760336,vest
2822000,coat
1406191,dress
2554509,blouse
2424516,sweater
2820594,top
2848702,sweater
2715059,vest
1545344,dress
2230386,knit
2143038,coat
1964998,dress
2512443,jacket
2816933,top
2075370,pullover
2854027,top
1781081,dress
1512186,dress
2658555,top
2211192,jacket
1216285,dress
2816757,blouse
551321,dress
580691,dress
1372275,dress
1576300,dress
2755080,shirt
926333,dress
2559426,blouse
2284114,top
401333,sheath
2316941,coat
2625237,top
715193,dress
776873,dress
2573595,down
2805767,jacket
2885039,coat
2174465,sweater
2454397,blazer
2157651,jumpsuit
1153191,dress
2665815,jacket
2004088,vest
1801547,dress
830076,dress
1656325,dress
2568585,sweater
2914995,jumpsuit
377089,dress
1860332,dress
2361880,top
2138228,vest
2309739,jumpsuit
1404981,dress
1268484,dress
2465859,jacket
2944876,coat
2224537,blouse
2843310,skirt
372871,dress
2930997,cardigan
2220715,blouse
960713,dress
2142707,top
1191107,maxi
373415,dress
2880942,top
1229349,gown
2672129,top
2676974,jacket
2488571,sweatshirt
2867464,sweater
1002181,dress
2439558,skirt
2611913,cardigan
998371,dress
633549,dress
2451516,vest
2879994,coat
419701,dress
1924967,gown
837232,dress
2496623,bomber
240372,dress
1060813,dress
1959853,dress
690333,gown
494266,gown
2690484,top
2800241,jumpsuit
1004940,dress
2545378,jacket
1094741,gown
2184409,blazer
1097239,dress
2147735,skirt
2403738,top
2745965,sweater
914588,dress
896619,gown
2029824,skirt
2663299,top
2494122,sweater
1717465,dress
2259180,blouse
2035946,jacket
1348707,dress
311245,dress
2474191,blouse
2432743,jacket
2260553,top
408892,dress
2479026,top
332433,dress
1212804,dress
1484958,dress
621457,dress
2458965,jacket
604383,gown
2409757,top
1164872,dress
508624,dress
1899408,dress
1642595,dress
2779191,skirt
2054381,top
2513391,jumpsuit
2797673,top
941787,dress
510349,sheath
1837497,gown
2385195,sweater
2455807,sweater
669276,sheath
2139139,jacket
888278,dress
1732726,dress
2598285,top
1104659,dress
1849616,dress
2072280,top
2020493,pants
1208281,gown
2934081,sweater
2170798,shirt
2580439,sweater
2922919,pants
2435754,top
1750469,dress
2125454,romper
2620174,top
2600517,top
2805203,top
1463334,dress
702510,dress
1152022,dress
2622849,skirt
2188435,jumpsuit
1264019,dress
2110768,coat
1316758,dress
791120,shirtdress
1338158,dress
2333747,coat
2189456,blouse
2887925,shirt
2872969,jacket
2248056,sweater
2044810,sweatshirt
1862873,shirtdress
2951824,cardigan
585609,dress
1035288,dress
360735,dress
2913473,coat
2322324,top
2476462,coat
838074,dress
2572507,top
2395389,jacket
2742225,jacket
2940940,knit
1201176,dress
2212372,vest
726666,dress
463334,dress
2097059,top
2612985,knit
2713101,top
2881286,top
2170535,hoodie
2024383,jacket
1803282,gown
1125124,dress
1742397,dress
2695159,blouse
2051998,jumpsuit
732316,dress
2274466,skirt
535046,dress
2165370,sweater
1037331,dress
2709362,coat
1502884,dress
2571531,shirt
489154,dress
1492694,dress
217243,dress
1177303,gown
713000,dress
2399913,pants
2749139,jacket
1681706,dress
2617153,sweater
2708833,coat
2032266,top
465622,gown
2750726,top
305515,dress
247960,dress
2867824,top
1064642,dress
2664008,top
923165,dress
849703,dress
2891320,top
687064,dress
2897371,top
2173711,jacket
1363362,dress
2500749,top
2591471,top
1086423,dress
247349,dress
2256961,vest
2726778,top
825797,shift
1203684,dress
2041139,top
2554446,turtleneck
2509134,skirt
767935,dress
997357,dress
588440,dress
2105775,sweater
1514889,sheath
1327795,dress
237481,dress
367523,dress
2699597,sweatshirt
2409928,top
1838175,dress
2611304,down
2336886,top
487111,sheath
457417,dress
2832407,sweater
1412068,dress
2814635,skirt
623847,dress
963763,dress
1659986,dress
2343038,sweater
2050696,knit
1346012,dress
2338852,jacket
2038622,top
2822377,coat
2548361,top
2399391,sweatpants
1677896,dress
2917588,skirt
2323785,bomber
2502603,blouse
2508055,skirt
2807378,skirt
584125,dress
1302147,dress
1037538,dress
906158,gown
2446380,jacket
2021170,top
840269,gown
2747024,coat
1659319,gown
1560169,dress
2370908,coat
303978,dress
2847946,jacket
2751662,jumpsuit
